url,name,address,city,state,phone
https://www.incline-cpa.com/,Results,"923 Tahoe Blvd Ste 207, Incline Village, NV 89451",Incline Village,NV,(775) 298-1215
http://www.ashleyquinncpas.com/,Results,"937 Tahoe Blvd, Incline Village, NV 89451",Incline Village,NV,(775) 831-7288
http://tax-wisdom.com/,Results,"913 Tahoe Blvd #12, Incline Village, NV 89451",Incline Village,NV,(775) 298-4138
http://kevinfishercpa.com/,Results,"5193 N Lake Blvd, Carnelian Bay, CA 96140",Carnelian Bay,CA,(916) 200-8744
http://www.brucecablecpa.com/,Results,"298 Kingsbury Grade Rd, Stateline, NV 89449",Stateline,NV,(775) 588-9050
http://www.prosperityabcs.com/?utm_source=GBP&utm_medium=GSC,Results,"312 Dorla Ct Ste 204, Zephyr Cove, NV 89448",Zephyr Cove,NV,(530) 314-2674
http://carsonvalleyaccounting.com/,Results,"1663 U.S. Hwy 395 N Ste 201, Minden, NV 89423",Minden,NV,(775) 782-7874
http://www.djltd.com/,Results,"308 Dorla Ct #204, Zephyr Cove, NV 89448",Zephyr Cove,NV,(775) 588-5672
http://www.frushonaccounting.com/,Results,"937 Tahoe Blvd Suite 130-A, Incline Village, NV 89451",Incline Village,NV,(775) 298-2505
https://www.tahoecpa.net/?utm_source=gmb&utm_medium=organic,Results,"1191 High School St, Gardnerville, NV 89410",Gardnerville,NV,(530) 542-3722
http://www.supportingstrategies.com/reno-tahoe,Results,"11260 Donner Pass Rd C1, Truckee, CA 96161",Truckee,CA,(530) 212-8418
http://mmbk.solutions/,Results,"Village Blvd, Incline Village, NV 89451",Incline Village,NV,(775) 842-8100
http://www.3rdcreek.com/contact/,Results,"999 Driver Way, Incline Village, NV 89451",Incline Village,NV,(775) 832-9222
https://www.beckyrivardcpa.com/,Results,,Crystal Bay,NV,(530) 448-9276
http://mellbergcpa.com/,Results,"1755 E Plumb Ln # 216, Reno, NV 89502",Reno,NV,(775) 323-8131
http://www.sitkoffoneil.com/,Results,"10099 E River St, Truckee, CA 96161",Truckee,CA,(530) 587-3200
https://www.kingrobins.com/,Results,"885 Tahoe Blvd, Incline Village, NV 89451",Incline Village,NV,
https://www.cpanadia.com/,Results,,Crystal Bay,NV,(775) 247-2701
https://aq.cpa/,Results,"540 W Plumb Ln #110, Reno, NV 89509",Reno,NV,(775) 831-7288
http://wrightbusinessservices.org/,Results,,Crystal Bay,NV,(530) 807-8447
https://www.myaccountingexpert.com/,Results,"297 Kingsbury Grade Rd Suite 1147, Stateline, NV 89449",Stateline,NV,(775) 475-4158
https://epicservicescompany.com/?utm_source=GMB&utm_medium=local,Results,"940 Southwood Blvd Ste 201, Incline Village, NV 89451",Incline Village,NV,(855) 777-3742
http://www.renocpa.net/,Results,"5865 Tyrone Rd Ste 101, Reno, NV 89502",Reno,NV,(775) 826-9400
https://www.excelsisaccounting.com/,Results,"5335 Kietzke Ln #110, Reno, NV 89511",Reno,NV,(775) 332-4200
http://www.chappleroman.com/,Results,"11025 Pioneer Trail Ste 223, Truckee, CA 96161",Truckee,CA,(530) 581-1021
http://www.abtpservices.com/,Results,"223 NV-207, Stateline, NV 89449",Stateline,NV,(619) 800-1185
http://www.sracpa.biz/contact.html,Results,"100 Mcfaul Way, Zephyr Cove, NV 89448",Zephyr Cove,NV,(775) 588-1025
https://www.mcclintockaccountancy.com/,Results,"305 W Lake Blvd, Tahoe City, CA 96145",Tahoe City,CA,(530) 583-6994
http://renotaxservices.com/,Results,"6580 S McCarran Blvd suite d 2, Reno, NV 89509",Reno,NV,(775) 329-0843
http://www.allred-accounting.com/,Results,,Crystal Bay,NV,(775) 404-2469
https://www.roughtnaccounting.com/,Results,"335 W 1st St, Reno, NV 89503",Reno,NV,(775) 391-0077
http://www.luvnumbers.com/,Results,"861 Chilicothe St, South Lake Tahoe, CA 96150",South Lake Tahoe,CA,(703) 717-3975
http://www.terrythomascpa.com/,Results,"527 Lander St, Reno, NV 89509",Reno,NV,(775) 200-1525
https://leroncpa.com/,Results,,Crystal Bay,NV,(775) 240-4805
https://www.linkedaccounting.com/,Results,"10266 Truckee Arpt Rd C, Truckee, CA 96161",Truckee,CA,(530) 550-9600
https://advisors.ubs.com/jeffrey.j.hill/?utm_source=Yext&utm_medium=GMB&utm_campaign=161089&y_source=1_MjAwOTUzNjMtNzE1LWxvY2F0aW9uLndlYnNpdGU%3D,Results,"937 Tahoe Blvd 2nd Floor, Incline Village, NV 89451",Incline Village,NV,(925) 746-6340
http://tasnevada.com/,Results,"1135 Terminal Wy # 100, Reno, NV 89502",Reno,NV,(775) 359-1040
https://www.antlertax.com/,Results,,Crystal Bay,NV,(918) 200-9430
http://www.ryangutierrezcpa.com/,Results,,Crystal Bay,NV,(775) 450-6605
http://www.latinotaxhelp.com/,Results,"904 W 7th St Ste 201, Reno, NV 89503",Reno,NV,(775) 337-2411
http://www.travelnorthtahoenevada.com/,Results,"969 Tahoe Blvd, Incline Village, NV 89451",Incline Village,NV,(775) 832-1606
https://tahoetaxservices.com/,Results,,Crystal Bay,NV,(530) 541-5229
http://www.as-cpa.com/,Results,"11025 Pioneer Trail Suite 201, Truckee, CA 96161",Truckee,CA,(530) 546-4251
https://www.maxtaxreno.com/,Results,"460 E Plumb Ln Ste B, Reno, NV 89502",Reno,NV,(775) 327-4408
http://www.erindelafontaine.com/,Results,,Crystal Bay,NV,
http://mortgageupside.com/,Results,"264 Village Blvd #2b, Incline Village, NV 89451",Incline Village,NV,(775) 833-7111
https://www.nesteggfa.com/,Results,,Crystal Bay,NV,(775) 413-0468
http://tahoetimeplaza.com/,Results,"917 Tahoe Blvd suite 204, Incline Village, NV 89451",Incline Village,NV,(775) 831-3831
http://www.bythenumbersonline.com/,Results,,Crystal Bay,NV,(775) 691-9435
https://www.healthypeopleteam.com/,Results,"774 Mays Blvd Ste 10-119, Incline Village, NV 89451",Incline Village,NV,(858) 488-1710
http://hargertaxcpa.com/,Results,"9805 Double R Blvd, Reno, NV 89511",Reno,NV,(775) 393-9119
https://www.eidebailly.com/locations/reno,Results,"5441 Kietzke Ln Ste. 150, Reno, NV 89511",Reno,NV,(775) 689-9100
http://www.albrightcpas.com/,Results,"6121 Lakeside Dr #100, Reno, NV 89511",Reno,NV,(775) 826-5432
https://www.thetaxofficenv.com/,Results,"1321 NV-160 Ste 9B, Pahrump, NV 89048",Pahrump,NV,(702) 202-5722
