url,name,address,city,state,phone
https://www.incline-cpa.com/,Results,"923 Tahoe Blvd Ste 207, Incline Village, NV 89451",Incline Village,NV,(775) 298-1215
http://tax-wisdom.com/,Results,"913 Tahoe Blvd #12, Incline Village, NV 89451",Incline Village,NV,(775) 298-4138
http://www.ashleyquinncpas.com/,Results,"937 Tahoe Blvd, Incline Village, NV 89451",Incline Village,NV,(775) 831-7288
http://www.frushonaccounting.com/,Results,"937 Tahoe Blvd Suite 130-A, Incline Village, NV 89451",Incline Village,NV,(775) 298-2505
http://kevinfishercpa.com/,Results,"5193 N Lake Blvd, Carnelian Bay, CA 96140",Carnelian Bay,CA,(916) 200-8744
http://mmbk.solutions/,Results,"Village Blvd, Incline Village, NV 89451",Incline Village,NV,(775) 842-8100
http://www.3rdcreek.com/contact/,Results,"999 Driver Way, Incline Village, NV 89451",Incline Village,NV,(775) 832-9222
https://www.cpanadia.com/,Results,,Incline Village,NV,(775) 247-2701
https://epicservicescompany.com/?utm_source=GMB&utm_medium=local,Results,"940 Southwood Blvd Ste 201, Incline Village, NV 89451",Incline Village,NV,(855) 777-3742
https://local.ubs.com/incline-village-nv/?utm_source=Yext&utm_medium=GMB&utm_campaign=301560&y_source=1_MTAwNjE4NTUyNS03MTUtbG9jYXRpb24ud2Vic2l0ZQ==,Results,"937 Tahoe Blvd 2nd Floor, Incline Village, NV 89451",Incline Village,NV,(775) 323-1641
https://advisors.ubs.com/jeffrey.j.hill/?utm_source=Yext&utm_medium=GMB&utm_campaign=161089&y_source=1_MjAwOTUzNjMtNzE1LWxvY2F0aW9uLndlYnNpdGU%3D,Results,"937 Tahoe Blvd 2nd Floor, Incline Village, NV 89451",Incline Village,NV,(925) 746-6340
https://www.kingrobins.com/,Results,"885 Tahoe Blvd, Incline Village, NV 89451",Incline Village,NV,
http://www.arnettconsultants.com/,Results,"120 Country Club Dr Ste#13, Incline Village, NV 89451",Incline Village,NV,(775) 831-8618
http://tahoetimeplaza.com/,Results,"917 Tahoe Blvd suite 204, Incline Village, NV 89451",Incline Village,NV,(775) 831-3831
https://www.vistapeakcpa.com/,Results,"11498 Alder Dr, Truckee, CA 96161",Truckee,CA,(530) 913-7170
https://lakesidelawyerspllc.com/contact/,Results,"856 Tahoe Blvd, Incline Village, NV 89451",Incline Village,NV,(775) 832-5999
http://www.brucecablecpa.com/,Results,"298 Kingsbury Grade Rd, Stateline, NV 89449",Stateline,NV,(775) 588-9050
http://www.prosperityabcs.com/?utm_source=GBP&utm_medium=GSC,Results,"312 Dorla Ct Ste 204, Zephyr Cove, NV 89448",Zephyr Cove,NV,(530) 314-2674
http://www.inclineia.com/,Results,"920 Incline Way Suite 2D, Incline Village, NV 89451",Incline Village,NV,(775) 298-8161
http://www.washoecountylibrary.us/libraries/incline-village.php,Results,"845 Alder Ave, Incline Village, NV 89451",Incline Village,NV,(775) 832-4130
https://www.abundancewealthsolutions.com/,Results,"885 Tahoe Blvd B-2, Incline Village, NV 89451",Incline Village,NV,(775) 391-3350
https://advisor.morganstanley.com/lake-tahoe-branch?y_source=1_MjM2MjA2Mi03MTUtbG9jYXRpb24ud2Vic2l0ZQ%3D%3D,Results,"917 Tahoe Blvd Ste 200, Incline Village, NV 89451",Incline Village,NV,(775) 586-2500
http://www.djltd.com/,Results,"308 Dorla Ct #204, Zephyr Cove, NV 89448",Zephyr Cove,NV,(775) 588-5672
http://mortgageupside.com/,Results,"264 Village Blvd #2b, Incline Village, NV 89451",Incline Village,NV,(775) 833-7111
https://www.pakmail.com/stores/pak-mail-at-raleys-center?utm_source=google&utm_medium=local&utm_campaign=localmaps&utm_content=61071,Results,"930 Tahoe Blvd #802, Incline Village, NV 89451",Incline Village,NV,(775) 832-7770
https://aq.cpa/,Results,"540 W Plumb Ln #110, Reno, NV 89509",Reno,NV,(775) 831-7288
http://www.travelnorthtahoenevada.com/,Results,"969 Tahoe Blvd, Incline Village, NV 89451",Incline Village,NV,(775) 832-1606
https://www.roughtnaccounting.com/,Results,"335 W 1st St, Reno, NV 89503",Reno,NV,(775) 391-0077
https://leroncpa.com/,Results,,Incline Village,NV,(775) 240-4805
http://www.farmersagent.com/dcarpenter1,Results,"925 Tahoe Blvd # 104, Incline Village, NV 89451",Incline Village,NV,(775) 831-4446
https://advisor.ml.com/sites/nv/incline-vlg/themalametgroup,Results,"900 Tahoe Blvd, Incline Village, NV 89451",Incline Village,NV,(775) 413-6161
https://tsgwm.com/,Results,"926 Incline Way UNIT 250, Incline Village, NV 89451",Incline Village,NV,(775) 347-0700
https://advisor.morganstanley.com/marshall.grant?y_source=1_MzcwNDU2OTktNzE1LWxvY2F0aW9uLndlYnNpdGU%3D,Results,"917 Tahoe Blvd Ste 200, Incline Village, NV 89451",Incline Village,NV,(775) 586-2515
http://wrightbusinessservices.org/,Results,,Incline Village,NV,(530) 807-8447
https://www.healthypeopleteam.com/,Results,"774 Mays Blvd Ste 10-119, Incline Village, NV 89451",Incline Village,NV,(858) 488-1710
http://www.renocpa.net/,Results,"5865 Tyrone Rd Ste 101, Reno, NV 89502",Reno,NV,(775) 826-9400
http://www.northtahoetaxservice.com/,Results,"40165 Truckee Airport Rd #302, Truckee, CA 96161",Truckee,CA,(530) 414-4182
http://carsonvalleyaccounting.com/,Results,"1663 U.S. Hwy 395 N Ste 201, Minden, NV 89423",Minden,NV,(775) 782-7874
